-- MySQL dump 10.13  Distrib 8.2.0, for Win64 (x86_64)
--
-- Host: localhost    Database: money_keeper
-- ------------------------------------------------------
-- Server version	8.2.0

/*!40101 SET @OLD_CHARACTER_SET_CLIENT=@@CHARACTER_SET_CLIENT */;
/*!40101 SET @OLD_CHARACTER_SET_RESULTS=@@CHARACTER_SET_RESULTS */;
/*!40101 SET @OLD_COLLATION_CONNECTION=@@COLLATION_CONNECTION */;
/*!50503 SET NAMES utf8mb4 */;
/*!40103 SET @OLD_TIME_ZONE=@@TIME_ZONE */;
/*!40103 SET TIME_ZONE='+00:00' */;
/*!40014 SET @OLD_UNIQUE_CHECKS=@@UNIQUE_CHECKS, UNIQUE_CHECKS=0 */;
/*!40014 SET @OLD_FOREIGN_KEY_CHECKS=@@FOREIGN_KEY_CHECKS, FOREIGN_KEY_CHECKS=0 */;
/*!40101 SET @OLD_SQL_MODE=@@SQL_MODE, SQL_MODE='NO_AUTO_VALUE_ON_ZERO' */;
/*!40111 SET @OLD_SQL_NOTES=@@SQL_NOTES, SQL_NOTES=0 */;

--
-- Table structure for table `bill`
--

DROP TABLE IF EXISTS `bill`;
/*!40101 SET @saved_cs_client     = @@character_set_client */;
/*!50503 SET character_set_client = utf8mb4 */;
CREATE TABLE `bill` (
  `id` int NOT NULL AUTO_INCREMENT COMMENT '主键',
  `user_id` int NOT NULL COMMENT '用户id',
  `category_id` int NOT NULL COMMENT '分类id',
  `type` tinyint(1) NOT NULL COMMENT '收支类型，false为支出，true为收入',
  `amount` decimal(10,2) NOT NULL COMMENT '金额',
  `date` varchar(20) NOT NULL COMMENT '创建日期',
  `note` text COMMENT '备注',
  PRIMARY KEY (`id`)
) ENGINE=InnoDB AUTO_INCREMENT=1415 DEFAULT CHARSET=utf8mb4 COLLATE=utf8mb4_0900_ai_ci;
/*!40101 SET character_set_client = @saved_cs_client */;

--
-- Dumping data for table `bill`
--

LOCK TABLES `bill` WRITE;
/*!40000 ALTER TABLE `bill` DISABLE KEYS */;
INSERT INTO `bill` VALUES (1,1,1,0,-36.00,'2023-11-17',''),(2,1,1,0,-36.20,'2023-11-17',''),(5,1,1,0,-57.00,'2023-11-18',''),(6,1,1,0,-57.00,'2023-11-24',''),(7,2,6,0,-6.00,'2023-11-24',''),(8,1,8,0,-3.65,'2023-12-24',''),(9,2,11,0,-50.20,'2023-11-24','测试备注测试备注测试备注'),(10,2,3,1,8.60,'2023-12-24',''),(12,1,3,0,-56.29,'2023-11-24',''),(13,1,1,0,-5.51,'2023-12-24','test'),(14,1,1,0,-66.60,'2023-12-06','测试'),(33,1,16,1,5.00,'2023-12-06',''),(54,1,13,1,100.00,'2023-12-06',''),(55,1,7,0,-100.10,'2023-12-07',''),(76,1,6,0,-5.20,'2023-12-08',''),(77,1,3,0,-50.00,'2023-12-08','洗发水'),(89,1,1,0,-120.50,'2021-03-27','聚会'),(90,11,1,0,-13.50,'2023-01-7',''),(91,5,1,0,-12.66,'2023-01-18',''),(92,1,1,0,-6.15,'2023-01-18',''),(93,1,7,0,-24.00,'2023-09-07',NULL),(94,1,6,1,90.70,'2023-02-18',NULL),(95,1,6,0,-41.30,'2023-06-09',NULL),(96,1,6,0,-9.50,'2023-11-26',NULL),(97,1,8,0,-17.49,'2023-12-14',NULL),(98,1,6,0,-100.00,'2023-12-14',NULL),(99,1,1,0,-89.65,'2023-11-02',NULL),(100,1,3,0,-36.40,'2023-12-07',NULL),(101,1,4,0,-35.60,'2023-04-09',NULL),(102,1,8,0,-11.00,'2023-10-29',NULL),(103,1,4,0,-115.20,'2023-09-22',NULL),(104,1,1,0,-10.25,'2023-07-26',NULL),(105,1,6,0,-76.00,'2023-12-20',NULL),(106,1,9,0,-68.20,'2023-10-31',NULL),(107,1,10,1,54.00,'2023-12-12',NULL),(108,1,10,1,54.00,'2023-12-12',NULL),(109,1,10,1,63.00,'2023-07-26',NULL),(110,1,4,1,39.00,'2023-08-23',NULL),(111,1,9,0,-29.78,'2023-12-28',NULL),(112,1,11,1,110.18,'2023-07-01',NULL),(113,1,8,0,-61.00,'2023-06-17',NULL),(114,1,2,0,-29.64,'2023-03-07',NULL),(115,1,11,1,28.60,'2023-07-17',NULL),(116,1,6,0,-89.00,'2023-05-19',NULL),(117,1,10,0,-28.00,'2023-05-27',NULL),(118,1,4,1,115.00,'2023-01-20',NULL),(132,1,12,1,500.00,'2023-12-22',''),(161,1,10,0,-15.38,'2023-03-29',NULL),(162,1,5,0,-6.46,'2023-09-06',NULL),(163,1,6,0,-10.71,'2023-03-20',NULL),(164,1,1,0,-7.08,'2023-11-13',NULL),(165,1,2,0,-12.59,'2023-02-23',NULL),(166,1,5,0,-7.28,'2023-07-17',NULL),(167,1,11,0,-8.47,'2023-10-18',NULL),(168,1,9,0,-17.92,'2023-11-05',NULL),(169,1,10,0,-13.07,'2023-10-10',NULL),(170,1,7,0,-6.79,'2023-04-17',NULL),(171,1,11,0,-12.99,'2023-05-09',NULL),(172,1,8,0,-14.27,'2023-03-15',NULL),(173,1,5,0,-9.99,'2023-10-29',NULL),(174,1,9,0,-15.34,'2023-08-05',NULL),(175,1,5,0,-10.66,'2023-07-14',NULL),(176,1,9,0,-15.06,'2023-09-19',NULL),(177,1,9,0,-8.33,'2023-02-03',NULL),(178,1,1,0,-20.11,'2023-03-23',NULL),(179,1,7,0,-13.35,'2023-06-20',NULL),(180,1,10,0,-6.79,'2023-01-13',NULL),(181,1,7,0,-13.13,'2023-09-05',NULL),(182,1,10,0,-8.84,'2023-01-24',NULL),(183,1,5,0,-6.03,'2023-09-12',NULL),(184,1,5,0,-9.72,'2023-08-27',NULL),(185,1,2,0,-13.65,'2023-09-30',NULL),(186,1,5,0,-11.57,'2023-05-28',NULL),(187,1,5,0,-13.16,'2023-10-05',NULL),(188,1,2,0,-5.38,'2023-10-20',NULL),(189,1,3,0,-8.48,'2023-08-02',NULL),(190,1,7,0,-9.73,'2023-02-10',NULL),(191,1,1,0,-20.75,'2023-05-26',NULL),(192,1,2,0,-14.03,'2023-07-09',NULL),(193,1,2,0,-14.54,'2023-05-05',NULL),(194,1,3,0,-12.55,'2023-06-27',NULL),(195,1,4,0,-6.23,'2023-04-09',NULL),(196,1,8,0,-12.83,'2023-08-07',NULL),(197,1,11,0,-11.83,'2023-07-30',NULL),(198,1,5,0,-19.76,'2023-12-17',NULL),(199,1,1,0,-20.39,'2023-09-27',NULL),(200,1,6,0,-16.62,'2023-08-21',NULL),(201,1,10,0,-18.12,'2023-04-16',NULL),(202,1,1,0,-8.56,'2023-02-27',NULL),(203,1,4,0,-12.26,'2023-03-17',NULL),(204,1,2,0,-15.88,'2023-09-28',NULL),(205,1,7,0,-18.23,'2023-03-15',NULL),(206,1,2,0,-8.58,'2023-06-10',NULL),(207,1,7,0,-18.74,'2023-04-04',NULL),(208,1,5,0,-6.88,'2023-04-03',NULL),(209,1,6,0,-14.27,'2023-08-14',NULL),(210,1,8,0,-5.16,'2023-12-22',NULL),(211,1,11,0,-8.64,'2023-06-30',NULL),(212,1,8,0,-11.83,'2023-04-08',NULL),(213,1,2,0,-13.55,'2023-04-19',NULL),(214,1,2,0,-16.77,'2023-10-05',NULL),(215,1,10,0,-5.05,'2023-07-21',NULL),(216,1,9,0,-8.08,'2023-04-27',NULL),(217,1,7,0,-18.86,'2023-07-10',NULL),(218,1,7,0,-17.69,'2023-10-14',NULL),(219,1,7,0,-6.92,'2023-04-26',NULL),(220,1,5,0,-16.75,'2023-03-22',NULL),(221,1,1,0,-12.04,'2023-10-15',NULL),(222,1,10,0,-10.18,'2023-09-24',NULL),(223,1,2,0,-7.98,'2023-03-26',NULL),(224,1,8,0,-8.62,'2023-07-29',NULL),(225,1,8,0,-14.23,'2023-01-26',NULL),(226,1,9,0,-14.56,'2023-11-13',NULL),(227,1,6,0,-9.77,'2023-09-18',NULL),(228,1,3,0,-10.23,'2023-05-19',NULL),(229,1,1,0,-18.33,'2023-03-22',NULL),(230,1,10,0,-7.03,'2023-04-25',NULL),(231,1,3,0,-7.12,'2023-03-11',NULL),(232,1,6,0,-12.74,'2023-09-07',NULL),(233,1,2,0,-19.83,'2023-11-10',NULL),(234,1,4,0,-6.11,'2023-05-27',NULL),(235,1,4,0,-20.52,'2023-11-19',NULL),(236,1,11,0,-9.27,'2023-04-02',NULL),(237,1,6,0,-9.25,'2023-10-02',NULL),(238,1,3,0,-9.68,'2023-07-28',NULL),(239,1,4,0,-20.26,'2023-10-14',NULL),(240,1,3,0,-16.43,'2023-08-25',NULL),(241,1,2,0,-12.73,'2023-06-17',NULL),(242,1,6,0,-6.39,'2023-03-16',NULL),(243,1,9,0,-18.11,'2023-03-13',NULL),(244,1,3,0,-13.45,'2023-04-07',NULL),(245,1,4,0,-8.46,'2023-03-21',NULL),(246,1,9,0,-10.73,'2023-01-04',NULL),(247,1,11,0,-11.49,'2023-05-10',NULL),(248,1,7,0,-11.69,'2023-04-22',NULL),(249,1,6,0,-10.16,'2023-09-14',NULL),(250,1,8,0,-9.07,'2023-04-07',NULL),(251,1,8,0,-11.41,'2023-10-29',NULL),(252,1,8,0,-5.72,'2023-09-06',NULL),(253,1,9,0,-13.74,'2023-12-07',NULL),(254,1,6,0,-16.62,'2023-05-28',NULL),(255,1,2,0,-12.21,'2023-06-07',NULL),(256,1,5,0,-16.73,'2023-11-21',NULL),(257,1,3,0,-8.31,'2023-02-28',NULL),(258,1,5,0,-14.52,'2023-05-27',NULL),(259,1,7,0,-6.84,'2023-11-25',NULL),(260,1,10,0,-6.87,'2023-06-17',NULL),(261,1,9,0,-19.84,'2023-06-27',NULL),(262,1,2,0,-6.91,'2023-11-08',NULL),(263,1,2,0,-17.85,'2023-02-14',NULL),(264,1,9,0,-17.86,'2023-07-03',NULL),(265,1,11,0,-14.29,'2023-02-21',NULL),(266,1,10,0,-13.32,'2023-09-26',NULL),(267,1,9,0,-12.68,'2023-01-19',NULL),(268,1,10,0,-9.67,'2023-11-28',NULL),(269,1,9,0,-18.07,'2023-11-12',NULL),(270,1,10,0,-12.97,'2023-06-11',NULL),(271,1,6,0,-13.17,'2023-05-06',NULL),(272,1,2,0,-9.55,'2023-03-04',NULL),(273,1,6,0,-18.72,'2023-03-31',NULL),(274,1,7,0,-7.83,'2023-07-05',NULL),(275,1,4,0,-16.44,'2023-02-21',NULL),(276,1,8,0,-15.05,'2023-08-29',NULL),(277,1,1,0,-11.43,'2023-11-20',NULL),(278,1,9,0,-11.23,'2023-10-26',NULL),(279,1,9,0,-16.67,'2023-01-09',NULL),(280,1,6,0,-11.53,'2023-09-22',NULL),(281,1,10,0,-7.63,'2023-04-27',NULL),(282,1,5,0,-19.64,'2023-04-15',NULL),(283,1,7,0,-6.95,'2023-07-22',NULL),(284,1,7,0,-15.94,'2023-04-30',NULL),(285,1,5,0,-6.53,'2023-10-06',NULL),(286,1,8,0,-10.75,'2023-10-29',NULL),(287,1,2,0,-10.66,'2023-04-05',NULL),(288,1,7,0,-19.13,'2023-10-22',NULL),(289,1,2,0,-19.15,'2023-03-04',NULL),(290,1,3,0,-19.62,'2023-10-12',NULL),(291,1,6,0,-7.79,'2023-04-23',NULL),(292,1,10,0,-8.08,'2023-07-05',NULL),(293,1,4,0,-5.28,'2023-03-05',NULL),(294,1,8,0,-16.75,'2023-10-02',NULL),(295,1,7,0,-8.45,'2023-08-14',NULL),(296,1,9,0,-14.62,'2023-09-29',NULL),(297,1,5,0,-9.32,'2023-07-01',NULL),(298,1,10,0,-16.92,'2023-05-22',NULL),(299,1,2,0,-15.71,'2023-05-02',NULL),(300,1,5,0,-14.85,'2023-08-13',NULL),(301,1,9,0,-10.55,'2023-04-15',NULL),(302,1,10,0,-10.83,'2023-07-14',NULL),(303,1,7,0,-6.89,'2023-04-04',NULL),(304,1,10,0,-10.08,'2023-06-18',NULL),(305,1,10,0,-18.44,'2023-10-27',NULL),(306,1,8,0,-9.63,'2023-08-08',NULL),(307,1,2,0,-12.43,'2023-07-12',NULL),(308,1,10,0,-17.85,'2023-08-12',NULL),(309,1,3,0,-6.35,'2023-04-06',NULL),(310,1,5,0,-19.65,'2023-07-25',NULL),(311,1,6,0,-16.56,'2023-08-17',NULL),(312,1,5,0,-10.34,'2023-07-28',NULL),(313,1,6,0,-18.37,'2023-09-08',NULL),(314,1,9,0,-15.48,'2023-04-14',NULL),(315,1,7,0,-5.49,'2023-05-31',NULL),(316,1,2,0,-16.67,'2023-04-10',NULL),(317,1,5,0,-15.74,'2023-08-17',NULL),(318,1,2,0,-13.31,'2023-10-21',NULL),(319,1,1,0,-12.17,'2023-01-16',NULL),(320,1,7,0,-6.62,'2023-07-10',NULL),(321,1,8,0,-6.79,'2023-09-12',NULL),(322,1,7,0,-7.77,'2023-10-14',NULL),(323,1,2,0,-18.02,'2023-08-27',NULL),(324,1,2,0,-16.33,'2023-09-23',NULL),(325,1,5,0,-18.73,'2023-06-29',NULL),(326,1,4,0,-9.32,'2023-05-28',NULL),(327,1,9,0,-9.33,'2023-08-28',NULL),(328,1,2,0,-12.62,'2023-07-03',NULL),(329,1,3,0,-7.74,'2023-03-27',NULL),(330,1,7,0,-8.28,'2023-11-19',NULL),(331,1,3,0,-16.34,'2023-01-06',NULL),(332,1,1,0,-20.64,'2023-02-25',NULL),(333,1,6,0,-9.38,'2023-03-18',NULL),(334,1,6,0,-12.76,'2023-10-03',NULL),(335,1,9,0,-17.44,'2023-02-26',NULL),(336,1,7,0,-6.53,'2023-07-29',NULL),(337,1,3,0,-15.41,'2023-02-23',NULL),(338,1,9,0,-6.57,'2023-05-02',NULL),(339,1,9,0,-12.44,'2023-06-13',NULL),(340,1,9,0,-13.49,'2023-03-03',NULL),(341,1,6,0,-8.47,'2023-01-07',NULL),(342,1,7,0,-18.75,'2023-02-17',NULL),(343,1,4,0,-17.27,'2023-03-24',NULL),(344,1,7,0,-7.16,'2023-10-28',NULL),(345,1,5,0,-16.03,'2023-03-08',NULL),(346,1,8,0,-19.84,'2023-01-24',NULL),(347,1,6,0,-6.33,'2023-03-28',NULL),(348,1,9,0,-19.19,'2023-11-20',NULL),(349,1,4,0,-15.87,'2023-04-23',NULL),(350,1,11,0,-6.01,'2023-09-21',NULL),(351,1,10,0,-13.87,'2023-09-16',NULL),(352,1,3,0,-7.75,'2023-08-18',NULL),(353,1,5,0,-20.39,'2023-11-10',NULL),(354,1,1,0,-20.52,'2023-04-12',NULL),(355,1,8,0,-18.23,'2023-04-06',NULL),(356,1,5,0,-13.78,'2023-05-25',NULL),(357,1,11,0,-17.59,'2023-10-19',NULL),(358,1,9,0,-17.63,'2023-07-17',NULL),(359,1,8,0,-12.45,'2023-06-02',NULL),(360,1,9,0,-20.24,'2023-04-26',NULL),(361,1,10,0,-12.72,'2023-03-06',NULL),(362,1,7,0,-12.56,'2023-08-20',NULL),(363,1,5,0,-14.15,'2023-09-23',NULL),(364,1,8,0,-16.33,'2023-02-13',NULL),(365,1,3,0,-10.26,'2023-06-05',NULL),(366,1,2,0,-18.68,'2023-11-28',NULL),(367,1,6,0,-14.37,'2023-06-16',NULL),(368,1,6,0,-15.86,'2023-07-26',NULL),(369,1,8,0,-20.87,'2023-02-06',NULL),(370,1,4,0,-19.82,'2023-09-29',NULL),(371,1,2,0,-9.44,'2023-04-04',NULL),(372,1,1,0,-8.52,'2023-06-22',NULL),(373,1,2,0,-18.84,'2023-08-21',NULL),(374,1,2,0,-16.55,'2023-06-04',NULL),(375,1,7,0,-11.77,'2023-07-08',NULL),(376,1,9,0,-9.63,'2023-10-18',NULL),(377,1,4,0,-14.37,'2023-03-28',NULL),(378,1,10,0,-14.12,'2023-07-08',NULL),(379,1,10,0,-14.39,'2023-03-17',NULL),(380,1,9,0,-11.13,'2023-04-08',NULL),(381,1,4,0,-13.27,'2023-02-28',NULL),(382,1,10,0,-5.29,'2023-07-01',NULL),(383,1,6,0,-18.12,'2023-01-23',NULL),(384,1,4,0,-6.85,'2023-08-13',NULL),(385,1,4,0,-12.27,'2023-06-15',NULL),(386,1,8,0,-7.26,'2023-01-08',NULL),(387,1,5,0,-11.75,'2023-10-22',NULL),(388,1,4,0,-8.38,'2023-06-20',NULL),(389,1,7,0,-16.77,'2023-02-28',NULL),(390,1,10,0,-17.38,'2023-04-21',NULL),(391,1,1,0,-5.74,'2023-04-22',NULL),(392,1,5,0,-11.13,'2023-11-04',NULL),(393,1,10,0,-20.88,'2023-05-20',NULL),(394,1,4,0,-11.07,'2023-07-07',NULL),(395,1,3,0,-12.17,'2023-02-22',NULL),(396,1,6,0,-11.95,'2023-03-25',NULL),(397,1,6,0,-16.57,'2023-07-08',NULL),(398,1,5,0,-16.41,'2023-04-25',NULL),(399,1,9,0,-7.41,'2023-04-07',NULL),(400,1,9,0,-10.15,'2023-07-21',NULL),(401,1,3,0,-12.54,'2023-01-16',NULL),(402,1,3,0,-18.18,'2023-04-25',NULL),(403,1,4,0,-8.13,'2023-06-29',NULL),(404,1,5,0,-15.12,'2023-02-28',NULL),(405,1,5,0,-6.57,'2023-10-20',NULL),(406,1,4,0,-16.58,'2023-07-07',NULL),(407,1,8,0,-11.25,'2023-07-31',NULL),(408,1,5,0,-17.87,'2023-03-03',NULL),(409,1,2,0,-8.56,'2023-09-04',NULL),(410,1,3,0,-11.23,'2023-02-12',NULL),(411,1,7,0,-15.64,'2023-03-12',NULL),(412,1,8,0,-9.51,'2023-05-02',NULL),(413,1,4,0,-13.81,'2023-06-24',NULL),(414,1,5,0,-6.92,'2023-09-06',NULL),(415,1,2,0,-19.55,'2023-09-28',NULL),(416,1,10,0,-12.02,'2023-02-11',NULL),(417,1,9,0,-6.97,'2023-08-18',NULL),(418,1,4,0,-11.67,'2023-06-22',NULL),(419,1,8,0,-11.63,'2023-10-19',NULL),(420,1,7,0,-15.22,'2023-01-16',NULL),(421,1,6,0,-18.11,'2023-05-02',NULL),(422,1,6,0,-14.38,'2023-05-13',NULL),(423,1,5,0,-15.52,'2023-05-10',NULL),(424,1,10,0,-5.79,'2023-04-28',NULL),(425,1,5,0,-9.25,'2023-01-30',NULL),(426,1,2,0,-19.22,'2023-02-15',NULL),(427,1,11,0,-15.62,'2023-05-26',NULL),(428,1,11,0,-8.86,'2023-06-12',NULL),(429,1,8,0,-10.53,'2023-04-03',NULL),(430,1,8,0,-19.66,'2023-02-20',NULL),(431,1,10,0,-17.57,'2023-06-22',NULL),(432,1,10,0,-17.54,'2023-05-30',NULL),(433,1,9,0,-19.56,'2023-06-06',NULL),(434,1,5,0,-15.81,'2023-09-09',NULL),(435,1,7,0,-13.39,'2023-06-18',NULL),(436,1,7,0,-13.54,'2023-05-28',NULL),(437,1,1,0,-18.85,'2023-10-03',NULL),(438,1,8,0,-6.76,'2023-01-01',NULL),(439,1,10,0,-8.22,'2023-01-17',NULL),(440,1,7,0,-8.59,'2023-03-17',NULL),(441,1,5,0,-9.17,'2023-03-28',NULL),(442,1,7,0,-14.42,'2023-07-14',NULL),(443,1,9,0,-20.42,'2023-02-21',NULL),(444,1,7,0,-7.89,'2023-03-14',NULL),(445,1,3,0,-8.83,'2023-05-15',NULL),(446,1,10,0,-18.83,'2023-10-18',NULL),(447,1,8,0,-16.33,'2023-05-10',NULL),(448,1,2,0,-12.53,'2023-11-22',NULL),(449,1,1,0,-10.66,'2023-02-22',NULL),(450,1,8,0,-18.21,'2023-09-17',NULL),(451,1,3,0,-18.77,'2023-02-11',NULL),(452,1,5,0,-11.25,'2023-05-02',NULL),(453,1,5,0,-14.87,'2023-04-16',NULL),(454,1,8,0,-17.33,'2023-07-23',NULL),(455,1,6,0,-8.44,'2023-08-23',NULL),(456,1,4,0,-12.27,'2023-05-05',NULL),(457,1,8,0,-12.07,'2023-10-17',NULL),(458,1,7,0,-11.54,'2023-04-05',NULL),(459,1,1,0,-16.07,'2023-04-02',NULL),(460,1,4,0,-18.76,'2023-05-30',NULL),(461,1,7,0,-6.15,'2023-09-30',NULL),(462,1,7,0,-19.77,'2023-03-19',NULL),(463,1,7,0,-8.93,'2023-09-22',NULL),(464,1,5,0,-6.65,'2023-04-20',NULL),(465,1,4,0,-20.88,'2023-01-06',NULL),(466,1,10,0,-19.83,'2023-07-23',NULL),(467,1,7,0,-11.25,'2023-06-12',NULL),(468,1,4,0,-8.47,'2023-05-23',NULL),(469,1,1,0,-17.27,'2023-09-03',NULL),(470,1,2,0,-7.26,'2023-09-30',NULL),(471,1,7,0,-13.86,'2023-08-20',NULL),(472,1,2,0,-16.75,'2023-04-14',NULL),(473,1,7,0,-8.51,'2023-04-22',NULL),(474,1,2,0,-15.34,'2023-10-23',NULL),(475,1,6,0,-15.34,'2023-08-07',NULL),(476,1,11,0,-13.44,'2023-06-26',NULL),(477,1,11,0,-8.18,'2023-07-27',NULL),(478,1,5,0,-8.07,'2023-08-17',NULL),(479,1,8,0,-8.46,'2023-05-24',NULL),(480,1,6,0,-17.27,'2023-04-26',NULL),(481,1,1,0,-14.85,'2023-06-15',NULL),(482,1,5,0,-10.79,'2023-03-18',NULL),(483,1,5,0,-13.47,'2023-05-05',NULL),(484,1,7,0,-12.62,'2023-10-16',NULL),(485,1,10,0,-8.65,'2023-09-22',NULL),(486,1,10,0,-12.22,'2023-05-15',NULL),(487,1,5,1,171.82,'2023-06-24',NULL),(488,1,8,1,106.67,'2023-09-30',NULL),(489,1,9,1,72.55,'2023-05-06',NULL),(490,1,3,1,110.17,'2023-09-20',NULL),(491,1,5,1,78.08,'2023-08-13',NULL),(492,1,5,1,138.12,'2023-04-16',NULL),(493,1,6,1,139.79,'2023-11-03',NULL),(494,1,3,1,85.14,'2023-01-15',NULL),(495,1,7,1,142.67,'2023-10-14',NULL),(496,1,4,1,83.52,'2023-02-21',NULL),(497,1,3,1,77.31,'2023-03-26',NULL),(498,1,9,1,183.18,'2023-07-21',NULL),(499,1,1,1,24.19,'2023-01-25',NULL),(500,1,6,1,88.82,'2023-05-13',NULL),(501,1,1,1,112.64,'2023-09-22',NULL),(502,1,6,1,92.63,'2023-02-24',NULL),(503,1,5,1,137.32,'2023-03-12',NULL),(504,1,5,1,27.48,'2023-09-10',NULL),(505,1,2,1,145.37,'2023-08-03',NULL),(506,1,3,1,44.47,'2023-08-20',NULL),(507,1,8,1,117.38,'2023-05-16',NULL),(508,1,3,1,59.76,'2023-02-05',NULL),(509,1,9,1,81.82,'2023-05-15',NULL),(510,1,5,1,78.76,'2023-04-02',NULL),(511,1,4,1,132.86,'2023-01-14',NULL),(512,1,7,1,38.36,'2023-11-04',NULL),(513,1,6,1,117.66,'2023-03-26',NULL),(514,1,8,1,32.94,'2023-10-26',NULL),(515,1,2,1,30.51,'2023-10-25',NULL),(516,1,8,1,26.59,'2023-03-29',NULL),(517,1,4,1,12.88,'2022-05-27',NULL),(518,1,3,1,16.72,'2022-07-16',NULL),(519,1,7,1,11.33,'2022-04-08',NULL),(520,1,4,1,13.02,'2022-04-27',NULL),(521,1,6,0,-18.46,'2022-06-24',NULL),(522,1,9,0,-14.24,'2022-08-25',NULL),(523,1,11,1,15.78,'2022-12-18',NULL),(524,1,4,0,-19.19,'2022-06-07',NULL),(525,1,5,1,11.33,'2022-09-16',NULL),(526,1,2,0,-13.76,'2022-02-16',NULL),(527,1,7,1,15.16,'2022-06-15',NULL),(528,1,2,1,19.22,'2022-08-10',NULL),(529,1,3,0,-17.34,'2022-07-21',NULL),(530,1,5,1,10.47,'2022-08-24',NULL),(531,1,10,1,19.84,'2022-11-22',NULL),(532,1,4,1,17.52,'2022-08-11',NULL),(533,1,3,0,-14.41,'2022-10-03',NULL),(534,1,4,1,15.68,'2022-05-22',NULL),(535,1,10,0,-13.24,'2022-05-04',NULL),(536,1,4,0,-14.26,'2022-03-05',NULL),(537,1,3,1,11.88,'2022-08-15',NULL),(538,1,5,0,-13.53,'2022-09-13',NULL),(539,1,6,0,-18.72,'2022-12-20',NULL),(540,1,4,0,-10.69,'2022-11-23',NULL),(541,1,7,1,19.64,'2022-07-10',NULL),(542,1,4,1,14.17,'2022-12-24',NULL),(543,1,8,0,-17.64,'2022-06-09',NULL),(544,1,2,0,-16.89,'2022-04-26',NULL),(545,1,8,1,19.94,'2022-09-09',NULL),(546,1,3,1,11.15,'2022-12-20',NULL),(547,1,10,1,11.56,'2022-10-09',NULL),(548,1,6,0,-18.83,'2022-04-23',NULL),(549,1,6,0,-12.05,'2022-06-06',NULL),(550,1,1,0,-14.69,'2022-08-16',NULL),(551,1,6,0,-17.24,'2022-08-26',NULL),(552,1,3,1,18.45,'2022-12-19',NULL),(553,1,9,1,13.84,'2022-09-04',NULL),(554,1,6,1,15.82,'2022-07-13',NULL),(555,1,11,0,-20.77,'2022-05-23',NULL),(556,1,4,1,13.88,'2022-06-17',NULL),(557,1,11,1,18.62,'2022-11-16',NULL),(558,1,3,0,-14.18,'2022-06-26',NULL),(559,1,6,1,17.62,'2022-10-19',NULL),(560,1,8,1,14.39,'2022-02-20',NULL),(561,1,2,1,19.84,'2022-09-11',NULL),(562,1,8,0,-11.93,'2022-06-14',NULL),(563,1,6,1,20.84,'2022-03-14',NULL),(564,1,4,1,16.59,'2022-03-09',NULL),(565,1,3,0,-16.75,'2022-09-14',NULL),(566,1,11,0,-11.24,'2022-09-04',NULL),(567,1,9,1,11.83,'2022-05-16',NULL),(568,1,3,0,-14.53,'2022-12-28',NULL),(569,1,5,1,12.62,'2022-04-13',NULL),(570,1,5,1,11.83,'2022-03-26',NULL),(571,1,9,1,18.32,'2022-07-06',NULL),(572,1,10,1,14.86,'2022-04-15',NULL),(573,1,6,0,-18.36,'2022-05-06',NULL),(574,1,4,1,13.43,'2022-01-09',NULL),(575,1,8,0,-12.59,'2022-10-11',NULL),(576,1,10,1,18.73,'2022-04-02',NULL),(577,1,10,0,-16.12,'2022-06-18',NULL),(578,1,5,0,-19.47,'2022-05-02',NULL),(579,1,5,0,-10.83,'2022-10-12',NULL),(580,1,8,0,-17.67,'2022-01-01',NULL),(581,1,3,0,-18.74,'2022-05-20',NULL),(582,1,5,1,14.18,'2022-10-06',NULL),(583,1,5,0,-14.46,'2022-07-22',NULL),(584,1,2,0,-19.23,'2022-06-21',NULL),(585,1,3,0,-11.29,'2022-09-25',NULL),(586,1,10,1,15.61,'2022-05-10',NULL),(587,1,2,0,-11.65,'2022-07-09',NULL),(588,1,7,0,-15.37,'2022-11-01',NULL),(589,1,10,0,-16.28,'2022-05-16',NULL),(590,1,7,0,-12.32,'2022-10-25',NULL),(591,1,5,0,-16.14,'2022-09-06',NULL),(592,1,3,1,19.63,'2022-11-06',NULL),(593,1,7,0,-11.83,'2022-06-13',NULL),(594,1,10,0,-10.15,'2022-11-20',NULL),(595,1,11,0,-16.45,'2022-07-22',NULL),(596,1,9,0,-16.02,'2022-11-27',NULL),(597,1,4,0,-16.67,'2022-05-18',NULL),(598,1,5,0,-14.02,'2022-11-19',NULL),(599,1,8,1,13.05,'2022-11-23',NULL),(600,1,5,0,-12.66,'2022-11-11',NULL),(601,1,7,0,-12.55,'2022-05-20',NULL),(602,1,5,0,-13.32,'2022-04-04',NULL),(603,1,8,1,11.17,'2022-10-04',NULL),(604,1,4,1,12.03,'2022-02-17',NULL),(605,1,3,0,-18.64,'2022-02-17',NULL),(606,1,1,0,-16.84,'2022-06-09',NULL),(607,1,5,1,19.91,'2022-02-17',NULL),(608,1,7,1,19.53,'2022-06-17',NULL),(609,1,9,1,19.16,'2022-01-02',NULL),(610,1,2,0,-17.54,'2022-04-09',NULL),(611,1,5,1,18.68,'2022-09-12',NULL),(612,1,4,0,-11.86,'2022-11-05',NULL),(613,1,5,1,15.25,'2022-10-24',NULL),(614,1,8,1,11.79,'2022-10-09',NULL),(615,1,9,1,18.79,'2022-06-25',NULL),(616,1,2,0,-16.98,'2022-05-24',NULL),(617,1,2,1,19.69,'2022-08-19',NULL),(618,1,5,1,14.29,'2022-05-10',NULL),(619,1,1,0,-13.36,'2022-04-08',NULL),(620,1,6,0,-15.26,'2022-02-24',NULL),(621,1,8,1,19.45,'2022-11-19',NULL),(622,1,3,1,15.17,'2022-03-17',NULL),(623,1,8,0,-11.83,'2022-03-09',NULL),(624,1,9,1,17.61,'2022-09-17',NULL),(625,1,5,1,12.03,'2022-02-11',NULL),(626,1,4,1,13.59,'2022-06-09',NULL),(627,1,9,0,-20.71,'2022-08-20',NULL),(628,1,8,1,15.02,'2022-11-12',NULL),(629,1,11,0,-16.66,'2022-04-13',NULL),(630,1,5,0,-16.57,'2022-08-17',NULL),(631,1,4,0,-13.35,'2022-11-07',NULL),(632,1,4,0,-10.83,'2022-02-24',NULL),(633,1,5,0,-17.35,'2022-06-07',NULL),(634,1,11,0,-14.56,'2022-03-22',NULL),(635,1,7,0,-20.71,'2022-07-20',NULL),(636,1,2,0,-16.72,'2022-07-07',NULL),(637,1,2,0,-14.26,'2022-07-17',NULL),(638,1,9,1,14.68,'2022-11-14',NULL),(639,1,7,0,-16.25,'2022-01-16',NULL),(640,1,3,0,-12.53,'2022-05-17',NULL),(641,1,3,0,-17.19,'2022-04-02',NULL),(642,1,1,0,-15.53,'2022-10-15',NULL),(643,1,10,0,-14.34,'2022-09-13',NULL),(644,1,9,0,-18.82,'2022-06-23',NULL),(645,1,6,1,11.21,'2022-06-28',NULL),(646,1,5,0,-19.34,'2022-01-08',NULL),(647,1,10,0,-15.68,'2022-02-24',NULL),(648,1,10,0,-16.41,'2022-12-01',NULL),(649,1,1,1,19.18,'2022-10-16',NULL),(650,1,5,1,13.51,'2022-01-17',NULL),(651,1,10,1,14.42,'2022-06-10',NULL),(652,1,8,0,-17.46,'2022-03-10',NULL),(653,1,2,0,-13.75,'2022-06-18',NULL),(654,1,10,0,-13.91,'2022-10-22',NULL),(655,1,8,1,11.12,'2022-09-02',NULL),(656,1,7,1,12.77,'2022-03-18',NULL),(657,1,9,1,15.15,'2022-06-13',NULL),(658,1,2,1,14.43,'2022-04-04',NULL),(659,1,10,0,-12.17,'2022-11-21',NULL),(660,1,5,1,15.54,'2022-07-14',NULL),(661,1,6,0,-12.12,'2022-03-10',NULL),(662,1,5,0,-19.84,'2022-05-17',NULL),(663,1,4,1,15.62,'2022-09-14',NULL),(664,1,8,1,19.85,'2022-12-26',NULL),(665,1,9,0,-16.99,'2022-08-03',NULL),(666,1,2,0,-11.83,'2022-06-20',NULL),(667,1,1,1,14.72,'2022-12-18',NULL),(668,1,9,1,16.26,'2022-06-14',NULL),(669,1,10,1,14.12,'2022-08-27',NULL),(670,1,3,0,-16.36,'2022-09-18',NULL),(671,1,10,1,18.42,'2022-02-03',NULL),(672,1,9,0,-16.34,'2022-03-05',NULL),(673,1,11,1,11.14,'2022-08-17',NULL),(674,1,1,0,-12.27,'2022-01-25',NULL),(675,1,4,1,15.78,'2022-09-26',NULL),(676,1,6,1,13.27,'2022-09-16',NULL),(677,1,10,0,-12.25,'2022-02-10',NULL),(678,1,8,0,-18.23,'2022-08-08',NULL),(679,1,5,0,-13.77,'2022-05-09',NULL),(680,1,6,0,-15.18,'2022-08-23',NULL),(681,1,7,0,-18.53,'2022-07-03',NULL),(682,1,2,1,11.11,'2022-09-24',NULL),(683,1,7,1,13.16,'2022-10-03',NULL),(684,1,9,1,18.02,'2022-11-24',NULL),(685,1,11,1,16.18,'2022-09-09',NULL),(686,1,9,0,-19.33,'2022-07-05',NULL),(687,1,6,0,-14.22,'2022-10-17',NULL),(688,1,4,0,-17.78,'2022-04-15',NULL),(689,1,4,1,19.96,'2022-11-04',NULL),(690,1,2,0,-13.51,'2022-08-21',NULL),(691,1,7,0,-11.42,'2022-08-18',NULL),(692,1,10,0,-11.28,'2022-02-15',NULL),(693,1,6,0,-17.06,'2022-08-04',NULL),(694,1,4,0,-16.18,'2022-11-24',NULL),(695,1,7,1,19.16,'2022-12-06',NULL),(696,1,7,0,-20.63,'2022-09-18',NULL),(697,1,9,1,15.56,'2022-05-17',NULL),(698,1,4,1,13.16,'2022-03-25',NULL),(699,1,2,0,-10.52,'2022-11-10',NULL),(700,1,1,1,16.41,'2022-08-26',NULL),(701,1,5,1,10.64,'2022-02-06',NULL),(702,1,1,1,11.84,'2022-12-04',NULL),(703,1,7,1,12.38,'2022-11-24',NULL),(704,1,6,0,-18.22,'2022-07-24',NULL),(705,1,10,0,-16.73,'2022-05-11',NULL),(706,1,6,1,17.13,'2022-06-20',NULL),(707,1,8,1,17.43,'2022-12-12',NULL),(708,1,6,1,14.87,'2022-02-06',NULL),(709,1,11,0,-19.55,'2022-07-10',NULL),(710,1,1,0,-18.68,'2022-10-10',NULL),(711,1,5,1,15.11,'2022-06-25',NULL),(712,1,11,0,-16.37,'2022-10-01',NULL),(713,1,3,0,-14.86,'2022-09-24',NULL),(714,1,2,0,-19.33,'2022-05-25',NULL),(715,1,9,1,11.81,'2022-01-03',NULL),(716,1,10,1,14.38,'2022-05-05',NULL),(717,1,6,0,-15.14,'2022-08-07',NULL),(718,1,7,1,10.48,'2022-08-02',NULL),(719,1,3,1,16.34,'2022-01-12',NULL),(720,1,9,0,-14.37,'2022-06-05',NULL),(721,1,2,0,-11.33,'2022-11-27',NULL),(722,1,1,1,19.12,'2022-10-02',NULL),(723,1,2,0,-13.17,'2022-10-25',NULL),(724,1,2,0,-13.84,'2022-04-23',NULL),(725,1,5,1,15.34,'2022-01-19',NULL),(726,1,10,1,14.42,'2022-09-21',NULL),(727,1,9,1,17.96,'2022-10-10',NULL),(728,1,6,1,16.31,'2022-02-23',NULL),(729,1,8,0,-19.71,'2022-10-24',NULL),(730,1,10,1,19.88,'2022-01-28',NULL),(731,1,10,0,-16.25,'2022-05-26',NULL),(732,1,3,0,-14.47,'2022-08-04',NULL),(733,1,10,0,-18.51,'2022-02-11',NULL),(734,1,5,0,-13.89,'2022-09-12',NULL),(735,1,7,1,13.98,'2022-11-11',NULL),(736,1,7,0,-11.83,'2022-10-06',NULL),(737,1,1,0,-14.66,'2022-01-17',NULL),(738,1,8,0,-18.02,'2022-11-20',NULL),(739,1,2,0,-17.18,'2022-01-23',NULL),(740,1,4,0,-13.63,'2022-05-12',NULL),(741,1,3,1,15.77,'2022-10-20',NULL),(742,1,6,0,-13.21,'2022-08-26',NULL),(743,1,9,0,-17.34,'2022-08-02',NULL),(744,1,6,1,12.63,'2022-03-17',NULL),(745,1,9,0,-12.38,'2022-02-04',NULL),(746,1,7,1,13.78,'2022-04-08',NULL),(747,1,4,1,14.64,'2022-11-05',NULL),(748,1,2,1,12.44,'2022-08-03',NULL),(749,1,9,1,17.85,'2022-05-14',NULL),(750,1,9,1,15.25,'2022-03-26',NULL),(751,1,4,0,-13.52,'2022-08-26',NULL),(752,1,9,1,17.25,'2022-10-03',NULL),(753,1,11,0,-11.53,'2022-11-03',NULL),(754,1,4,1,19.84,'2022-08-11',NULL),(755,1,7,0,-18.22,'2022-05-07',NULL),(756,1,5,0,-20.62,'2022-05-28',NULL),(757,1,2,0,-11.75,'2022-04-08',NULL),(758,1,2,1,17.39,'2022-03-16',NULL),(759,1,1,0,-19.42,'2022-08-07',NULL),(760,1,11,0,-18.19,'2022-04-25',NULL),(761,1,10,1,10.71,'2022-07-22',NULL),(762,1,4,0,-17.17,'2022-09-04',NULL),(763,1,11,0,-13.22,'2022-10-02',NULL),(764,1,4,0,-15.78,'2022-09-22',NULL),(765,1,6,1,15.31,'2022-09-21',NULL),(766,1,10,1,19.77,'2022-09-17',NULL),(767,1,4,0,-17.14,'2022-09-09',NULL),(768,1,3,0,-11.83,'2022-06-16',NULL),(769,1,7,0,-17.58,'2022-06-13',NULL),(770,1,10,1,17.82,'2022-07-22',NULL),(771,1,4,1,20.12,'2022-11-24',NULL),(772,1,4,0,-13.23,'2022-11-03',NULL),(773,1,10,0,-17.55,'2022-04-14',NULL),(774,1,7,1,18.55,'2022-02-13',NULL),(775,1,6,1,13.52,'2022-03-21',NULL),(776,1,6,1,12.78,'2022-08-21',NULL),(777,1,6,1,15.98,'2022-03-28',NULL),(778,1,3,0,-16.28,'2022-10-09',NULL),(779,1,5,1,19.12,'2022-08-03',NULL),(780,1,7,0,-17.51,'2022-03-18',NULL),(781,1,7,0,-11.15,'2022-05-08',NULL),(782,1,2,0,-15.02,'2022-03-22',NULL),(783,1,4,1,13.69,'2022-03-25',NULL),(784,1,3,1,16.76,'2022-01-11',NULL),(785,1,3,1,17.22,'2022-02-09',NULL),(786,1,1,1,16.84,'2022-08-12',NULL),(787,1,2,1,16.35,'2022-04-15',NULL),(788,1,2,0,-12.38,'2022-07-06',NULL),(789,1,1,0,-14.92,'2022-02-16',NULL),(790,1,4,0,-20.11,'2022-02-06',NULL),(791,1,8,0,-17.26,'2022-12-20',NULL),(792,1,2,1,19.57,'2022-02-02',NULL),(793,1,4,0,-16.51,'2022-08-18',NULL),(794,1,1,0,-18.21,'2022-11-13',NULL),(795,1,9,1,13.56,'2022-11-05',NULL),(796,1,5,1,11.38,'2022-11-09',NULL),(797,1,9,0,-19.65,'2022-12-14',NULL),(798,1,4,1,19.02,'2022-12-20',NULL),(799,1,4,0,-14.59,'2022-06-05',NULL),(800,1,9,0,-18.97,'2022-06-11',NULL),(801,1,8,1,12.13,'2022-02-23',NULL),(802,1,5,0,-14.04,'2022-03-27',NULL),(803,1,2,0,-13.47,'2022-09-04',NULL),(804,1,3,1,15.48,'2022-11-26',NULL),(805,1,8,1,11.31,'2022-04-04',NULL),(806,1,5,0,-15.36,'2022-08-02',NULL),(807,1,10,1,18.05,'2022-06-05',NULL),(808,1,9,1,20.33,'2022-07-20',NULL),(809,1,5,1,20.61,'2022-07-04',NULL),(810,1,10,1,14.35,'2022-11-02',NULL),(811,1,5,1,12.83,'2022-03-12',NULL),(812,1,9,1,17.46,'2022-08-15',NULL),(813,1,5,0,-20.73,'2022-09-17',NULL),(814,1,8,0,-19.58,'2022-07-10',NULL),(815,1,7,0,-16.06,'2022-11-03',NULL),(816,1,3,0,-15.48,'2022-05-22',NULL),(817,1,6,1,14.95,'2022-11-08',NULL),(818,1,4,1,17.72,'2022-04-22',NULL),(819,1,4,0,-13.63,'2022-10-17',NULL),(820,1,3,0,-11.82,'2022-08-18',NULL),(821,1,1,0,-17.63,'2022-01-22',NULL),(822,1,3,0,-20.47,'2022-07-14',NULL),(823,1,10,0,-12.86,'2022-01-10',NULL),(824,1,4,1,15.57,'2022-06-17',NULL),(825,1,2,1,16.33,'2022-07-16',NULL),(826,1,9,1,14.32,'2022-07-05',NULL),(827,1,9,1,19.24,'2022-09-01',NULL),(828,1,8,1,13.76,'2022-09-11',NULL),(829,1,8,0,-16.28,'2022-07-06',NULL),(830,1,1,0,-13.55,'2022-06-20',NULL),(831,1,7,0,-12.16,'2022-11-19',NULL),(832,1,3,1,18.47,'2022-06-18',NULL),(833,1,3,0,-15.84,'2022-03-08',NULL),(834,1,7,1,15.08,'2022-04-11',NULL),(835,1,6,0,-12.68,'2022-05-04',NULL),(836,1,2,0,-18.49,'2022-07-06',NULL),(837,1,1,0,-13.89,'2022-09-23',NULL),(838,1,9,0,-16.56,'2022-06-20',NULL),(839,1,11,0,-11.23,'2022-01-01',NULL),(840,1,2,1,12.52,'2022-04-05',NULL),(841,1,8,0,-15.64,'2022-06-07',NULL),(842,1,9,0,-11.77,'2022-06-08',NULL),(843,1,5,1,10.78,'2022-03-25',NULL),(844,1,4,1,11.72,'2022-05-19',NULL),(845,1,3,1,20.46,'2022-11-01',NULL),(846,1,7,1,12.16,'2022-02-26',NULL),(847,1,5,0,-15.17,'2022-08-08',NULL),(848,1,3,1,15.55,'2022-05-05',NULL),(849,1,5,0,-15.53,'2022-11-27',NULL),(850,1,6,0,-20.82,'2022-03-09',NULL),(851,1,5,1,18.37,'2022-09-27',NULL),(852,1,3,0,-19.04,'2022-02-10',NULL),(853,1,6,0,-17.83,'2022-01-17',NULL),(854,1,8,1,13.43,'2022-06-23',NULL),(855,1,10,0,-13.61,'2022-10-28',NULL),(856,1,4,1,19.24,'2022-12-12',NULL),(857,1,8,1,13.12,'2022-10-14',NULL),(858,1,8,0,-13.58,'2022-07-25',NULL),(859,1,6,0,-11.26,'2022-06-08',NULL),(860,1,11,1,16.08,'2022-11-21',NULL),(861,1,6,1,20.35,'2022-05-08',NULL),(862,1,3,0,-12.79,'2022-11-22',NULL),(863,1,9,0,-18.14,'2022-05-17',NULL),(864,1,7,1,18.97,'2022-11-18',NULL),(865,1,9,1,18.48,'2022-02-27',NULL),(866,1,5,0,-19.08,'2022-08-24',NULL),(867,1,2,0,-13.58,'2022-12-18',NULL),(868,1,6,0,-11.78,'2022-02-23',NULL),(869,1,2,1,16.12,'2022-05-19',NULL),(870,1,5,1,18.47,'2022-03-03',NULL),(871,1,3,0,-11.47,'2022-05-17',NULL),(872,1,9,1,11.37,'2022-07-07',NULL),(873,1,2,1,19.81,'2022-06-12',NULL),(874,1,7,1,10.86,'2022-10-26',NULL),(875,1,4,1,13.22,'2022-08-21',NULL),(876,1,3,0,-18.82,'2022-08-26',NULL),(877,1,8,0,-15.28,'2022-09-27',NULL),(878,1,9,1,20.58,'2022-06-09',NULL),(879,1,4,0,-15.68,'2022-05-05',NULL),(880,1,3,0,-15.65,'2022-01-07',NULL),(881,1,6,0,-15.93,'2022-02-03',NULL),(882,1,3,1,14.92,'2022-03-08',NULL),(883,1,2,1,19.18,'2022-03-21',NULL),(884,1,2,1,15.07,'2022-03-21',NULL),(885,1,5,0,-13.84,'2022-03-20',NULL),(886,1,4,0,-20.85,'2022-03-24',NULL),(887,1,9,0,-15.52,'2022-10-27',NULL),(888,1,4,0,-14.81,'2022-01-12',NULL),(889,1,8,1,18.78,'2022-07-23',NULL),(890,1,6,0,-17.12,'2022-03-19',NULL),(891,1,7,1,13.55,'2022-10-02',NULL),(892,1,1,1,14.64,'2022-08-01',NULL),(893,1,9,0,-16.23,'2022-07-12',NULL),(894,1,4,0,-20.85,'2022-10-23',NULL),(895,1,8,0,-13.48,'2022-01-19',NULL),(896,1,8,1,11.34,'2022-11-16',NULL),(897,1,10,0,-11.37,'2022-02-17',NULL),(898,1,6,1,12.83,'2022-10-20',NULL),(899,1,11,1,12.84,'2022-02-19',NULL),(900,1,1,0,-18.14,'2022-04-20',NULL),(901,1,2,1,15.32,'2022-06-07',NULL),(902,1,2,0,-13.37,'2022-06-06',NULL),(903,1,7,1,16.05,'2022-11-11',NULL),(904,1,7,0,-16.48,'2022-07-06',NULL),(905,1,10,1,19.71,'2022-11-07',NULL),(906,1,9,0,-14.07,'2022-09-11',NULL),(907,1,5,0,-12.75,'2022-02-09',NULL),(908,1,10,1,19.43,'2022-07-02',NULL),(909,1,3,1,11.83,'2022-09-18',NULL),(910,1,6,0,-11.36,'2022-08-11',NULL),(911,1,11,0,-14.04,'2022-08-06',NULL),(912,1,9,1,20.15,'2022-11-21',NULL),(913,1,7,0,-11.25,'2022-12-02',NULL),(914,1,5,0,-18.36,'2022-07-02',NULL),(915,1,4,0,-18.79,'2022-04-14',NULL),(916,1,8,1,13.72,'2022-05-15',NULL),(917,1,5,0,-15.18,'2022-07-02',NULL),(918,1,3,1,10.68,'2022-11-22',NULL),(919,1,10,1,13.88,'2022-04-21',NULL),(920,1,5,1,17.76,'2022-03-22',NULL),(921,1,1,1,14.11,'2022-10-15',NULL),(922,1,7,1,13.63,'2022-05-21',NULL),(923,1,1,0,-14.72,'2022-03-17',NULL),(924,1,4,1,13.77,'2022-06-25',NULL),(925,1,3,1,15.03,'2022-03-06',NULL),(926,1,4,0,-11.62,'2022-07-07',NULL),(927,1,1,1,16.05,'2022-01-11',NULL),(928,1,9,0,-16.45,'2022-01-22',NULL),(929,1,2,1,19.15,'2022-09-15',NULL),(930,1,11,0,-14.72,'2022-09-05',NULL),(931,1,8,1,19.94,'2022-11-13',NULL),(932,1,4,0,-11.09,'2022-10-07',NULL),(933,1,3,0,-12.68,'2022-03-05',NULL),(934,1,8,1,11.51,'2022-02-14',NULL),(935,1,9,0,-17.34,'2022-04-11',NULL),(936,1,4,1,10.22,'2022-04-02',NULL),(937,1,2,1,13.18,'2022-07-14',NULL),(938,1,10,0,-19.14,'2022-11-07',NULL),(939,1,5,1,14.13,'2022-03-19',NULL),(940,1,7,0,-17.68,'2022-03-15',NULL),(941,1,4,0,-11.47,'2022-02-20',NULL),(942,1,2,1,13.25,'2022-12-13',NULL),(943,1,9,0,-15.16,'2022-08-11',NULL),(944,1,4,1,18.48,'2022-05-25',NULL),(945,1,4,1,12.56,'2022-10-24',NULL),(946,1,10,1,17.47,'2022-02-20',NULL),(947,1,8,0,-13.93,'2022-09-21',NULL),(948,1,9,0,-15.42,'2022-02-03',NULL),(949,1,7,0,-14.65,'2022-11-15',NULL),(950,1,3,0,-13.72,'2022-03-02',NULL),(951,1,11,1,17.87,'2022-02-10',NULL),(952,1,11,1,11.42,'2022-06-23',NULL),(953,1,6,1,19.44,'2022-08-03',NULL),(954,1,8,0,-17.85,'2022-07-09',NULL),(955,1,2,0,-18.15,'2022-05-24',NULL),(956,1,7,1,13.15,'2022-03-27',NULL),(957,1,8,1,14.22,'2022-01-14',NULL),(958,1,7,1,14.42,'2022-07-14',NULL),(959,1,3,1,11.64,'2022-10-10',NULL),(960,1,9,0,-16.24,'2022-06-04',NULL),(961,1,10,0,-11.76,'2022-08-04',NULL),(962,1,5,1,16.73,'2022-08-17',NULL),(963,1,7,1,18.71,'2022-10-24',NULL),(964,1,8,1,18.26,'2022-02-25',NULL),(965,1,5,0,-10.92,'2022-07-13',NULL),(966,1,10,1,19.12,'2022-08-19',NULL),(967,1,2,0,-17.88,'2022-05-26',NULL),(968,1,3,1,18.79,'2022-03-13',NULL),(969,1,9,0,-19.08,'2022-06-22',NULL),(970,1,2,0,-19.57,'2022-11-08',NULL),(971,1,3,1,12.78,'2022-08-13',NULL),(972,1,4,1,10.58,'2022-05-15',NULL),(973,1,5,0,-13.17,'2022-03-13',NULL),(974,1,8,0,-16.27,'2022-05-09',NULL),(975,1,6,1,12.32,'2022-04-23',NULL),(976,1,4,1,14.75,'2022-06-04',NULL),(977,1,8,1,19.95,'2022-03-08',NULL),(978,1,11,1,12.85,'2022-06-09',NULL),(979,1,5,1,10.62,'2022-09-09',NULL),(980,1,10,1,20.17,'2022-06-19',NULL),(981,1,5,1,18.22,'2022-08-15',NULL),(982,1,6,0,-12.28,'2022-04-16',NULL),(983,1,8,1,20.09,'2022-02-27',NULL),(984,1,11,1,17.76,'2022-07-19',NULL),(985,1,5,0,-15.41,'2022-11-09',NULL),(986,1,8,0,-18.99,'2022-10-13',NULL),(987,1,2,0,-14.76,'2022-08-18',NULL),(988,1,5,1,10.47,'2022-08-12',NULL),(989,1,10,1,16.33,'2022-02-14',NULL),(990,1,4,1,18.84,'2022-06-04',NULL),(991,1,10,1,10.13,'2022-05-04',NULL),(992,1,7,0,-18.73,'2022-02-14',NULL),(993,1,6,0,-15.42,'2022-04-13',NULL),(994,1,6,0,-19.56,'2022-02-05',NULL),(995,1,7,0,-17.79,'2022-05-18',NULL),(996,1,7,1,15.94,'2022-08-16',NULL),(997,1,2,1,15.48,'2022-09-20',NULL),(998,1,9,1,13.72,'2022-02-16',NULL),(999,1,4,0,-14.16,'2022-03-22',NULL),(1000,1,9,1,13.45,'2022-11-08',NULL),(1001,1,6,1,17.31,'2022-04-23',NULL),(1002,1,11,0,-13.94,'2022-02-11',NULL),(1003,1,2,0,-17.53,'2022-06-07',NULL),(1004,1,3,1,17.14,'2022-02-23',NULL),(1005,1,4,1,13.74,'2022-05-22',NULL),(1006,1,4,1,17.43,'2022-01-03',NULL),(1007,1,4,0,-12.37,'2022-06-06',NULL),(1008,1,8,0,-12.52,'2022-12-12',NULL),(1009,1,3,0,-18.24,'2022-09-10',NULL),(1010,1,1,0,-10.47,'2022-07-05',NULL),(1011,1,9,1,13.96,'2022-07-04',NULL),(1012,1,10,1,16.74,'2022-07-24',NULL),(1013,1,9,0,-17.52,'2022-10-10',NULL),(1014,1,7,1,15.44,'2022-07-07',NULL),(1015,1,3,0,-14.04,'2022-06-27',NULL),(1016,1,4,1,15.35,'2022-05-19',NULL),(1017,1,4,0,-19.28,'2022-05-07',NULL),(1018,1,2,1,13.69,'2022-12-28',NULL),(1019,1,11,0,-10.76,'2022-03-14',NULL),(1020,1,8,1,11.21,'2022-04-22',NULL),(1021,1,3,1,11.46,'2022-06-05',NULL),(1022,1,7,0,-16.58,'2022-02-12',NULL),(1023,1,7,1,11.24,'2022-12-19',NULL),(1024,1,5,0,-17.53,'2022-08-04',NULL),(1025,1,4,1,16.11,'2022-01-28',NULL),(1026,1,3,1,12.05,'2022-08-15',NULL),(1027,1,2,0,-14.57,'2022-07-28',NULL),(1028,1,10,0,-19.12,'2022-10-08',NULL),(1029,1,6,0,-17.28,'2022-11-04',NULL),(1030,1,7,0,-10.62,'2022-02-14',NULL),(1031,1,3,0,-14.35,'2022-03-23',NULL),(1032,1,10,0,-14.04,'2022-08-12',NULL),(1033,1,10,0,-13.95,'2022-06-10',NULL),(1034,1,9,1,15.24,'2022-04-25',NULL),(1035,1,8,1,12.43,'2022-05-02',NULL),(1036,1,6,0,-17.14,'2022-06-22',NULL),(1037,1,10,1,19.23,'2022-10-06',NULL),(1038,1,6,0,-13.72,'2022-03-18',NULL),(1039,1,3,0,-20.13,'2022-11-03',NULL),(1040,1,5,0,-18.62,'2022-05-23',NULL),(1041,1,6,0,-15.85,'2022-02-27',NULL),(1042,1,4,0,-15.34,'2022-07-25',NULL),(1043,1,2,0,-11.68,'2022-08-09',NULL),(1044,1,3,1,11.77,'2022-09-19',NULL),(1045,1,9,0,-19.38,'2022-08-25',NULL),(1046,1,4,1,13.19,'2022-05-12',NULL),(1047,1,9,0,-19.63,'2022-10-24',NULL),(1048,1,4,1,15.48,'2022-08-25',NULL),(1049,1,11,0,-19.66,'2022-04-18',NULL),(1050,1,7,1,20.08,'2022-05-06',NULL),(1051,1,6,1,20.76,'2022-01-05',NULL),(1052,1,3,1,18.98,'2022-03-06',NULL),(1053,1,2,1,15.93,'2022-06-07',NULL),(1054,1,4,1,12.64,'2022-11-17',NULL),(1055,1,8,0,-19.34,'2022-03-03',NULL),(1056,1,6,0,-16.71,'2022-05-12',NULL),(1057,1,9,0,-11.01,'2022-12-12',NULL),(1058,1,10,1,13.05,'2022-04-06',NULL),(1059,1,6,1,15.67,'2022-02-10',NULL),(1060,1,9,1,15.17,'2022-07-06',NULL),(1061,1,3,1,16.55,'2022-08-18',NULL),(1062,1,7,1,11.85,'2022-06-23',NULL),(1063,1,3,1,15.83,'2022-12-02',NULL),(1064,1,4,1,11.27,'2022-04-12',NULL),(1065,1,9,1,11.36,'2022-05-25',NULL),(1066,1,7,1,13.11,'2022-09-14',NULL),(1067,1,9,1,15.49,'2022-10-07',NULL),(1068,1,4,1,16.67,'2022-04-05',NULL),(1069,1,2,0,-10.16,'2022-10-12',NULL),(1070,1,10,0,-20.23,'2022-09-07',NULL),(1071,1,2,1,11.17,'2022-10-03',NULL),(1072,1,8,0,-15.94,'2022-06-22',NULL),(1073,1,2,0,-11.38,'2022-04-18',NULL),(1074,1,10,1,10.65,'2022-12-26',NULL),(1075,1,5,1,19.06,'2022-04-18',NULL),(1076,1,5,1,12.49,'2022-04-04',NULL),(1077,1,8,1,13.18,'2022-10-14',NULL),(1078,1,2,1,19.88,'2022-02-10',NULL),(1079,1,6,0,-14.77,'2022-12-08',NULL),(1080,1,11,1,15.99,'2022-03-13',NULL),(1081,1,7,0,-14.59,'2022-06-03',NULL),(1082,1,2,1,14.43,'2022-10-25',NULL),(1083,1,5,1,15.08,'2022-10-15',NULL),(1084,1,6,0,-17.35,'2022-10-13',NULL),(1085,1,1,1,11.31,'2022-02-16',NULL),(1086,1,4,1,13.26,'2022-06-25',NULL),(1087,1,5,1,14.77,'2022-03-26',NULL),(1088,1,5,0,-16.72,'2022-09-06',NULL),(1089,1,3,1,11.67,'2022-08-20',NULL),(1090,1,3,0,-19.61,'2022-02-21',NULL),(1091,1,8,1,19.93,'2022-01-24',NULL),(1092,1,5,0,-11.78,'2022-02-02',NULL),(1093,1,5,1,16.11,'2022-06-05',NULL),(1094,1,10,0,-19.83,'2022-10-22',NULL),(1095,1,2,1,15.71,'2022-04-07',NULL),(1096,1,3,1,12.45,'2022-07-15',NULL),(1097,1,2,0,-18.28,'2022-08-23',NULL),(1098,1,8,1,12.98,'2022-03-17',NULL),(1099,1,8,1,15.87,'2022-09-18',NULL),(1100,1,3,0,-16.56,'2022-10-22',NULL),(1101,1,3,0,-10.89,'2022-07-23',NULL),(1102,1,3,0,-16.15,'2022-01-13',NULL),(1103,1,8,0,-13.88,'2022-09-25',NULL),(1104,1,5,1,19.23,'2022-04-22',NULL),(1105,1,3,1,13.43,'2022-04-27',NULL),(1106,1,10,1,20.18,'2022-09-17',NULL),(1107,1,8,0,-15.02,'2022-10-21',NULL),(1108,1,8,1,18.06,'2022-07-14',NULL),(1109,1,4,1,20.66,'2022-07-08',NULL),(1110,1,8,1,11.26,'2022-02-21',NULL),(1111,1,7,1,14.44,'2022-10-25',NULL),(1112,1,5,1,14.56,'2022-04-13',NULL),(1113,1,2,0,-14.87,'2022-01-10',NULL),(1114,1,1,1,14.55,'2022-07-27',NULL),(1115,1,5,0,-18.65,'2022-08-12',NULL),(1116,1,3,1,12.48,'2022-11-06',NULL),(1117,1,9,1,14.24,'2022-07-18',NULL),(1118,1,8,0,-13.22,'2022-01-28',NULL),(1119,1,3,1,20.75,'2022-07-26',NULL),(1120,1,11,1,16.62,'2022-02-19',NULL),(1121,1,8,0,-17.09,'2022-05-25',NULL),(1122,1,2,1,17.72,'2022-04-23',NULL),(1123,1,6,1,20.31,'2022-03-26',NULL),(1124,1,4,0,-12.32,'2022-10-16',NULL),(1125,1,5,1,18.84,'2022-10-10',NULL),(1126,1,1,0,-16.73,'2022-04-11',NULL),(1127,1,7,0,-18.32,'2022-02-17',NULL),(1128,1,4,0,-11.86,'2022-02-06',NULL),(1129,1,9,1,18.14,'2022-06-28',NULL),(1130,1,1,1,20.83,'2022-07-07',NULL),(1131,1,10,1,20.65,'2022-03-27',NULL),(1132,1,4,0,-15.36,'2022-02-23',NULL),(1133,1,2,1,15.61,'2022-03-06',NULL),(1134,1,2,0,-12.98,'2022-08-03',NULL),(1135,1,1,0,-20.65,'2022-08-21',NULL),(1136,1,6,1,12.42,'2022-10-13',NULL),(1137,1,4,0,-14.79,'2022-07-25',NULL),(1138,1,11,0,-18.23,'2022-01-15',NULL),(1139,1,9,0,-16.23,'2022-11-11',NULL),(1140,1,7,0,-12.35,'2022-03-28',NULL),(1141,1,5,0,-20.16,'2022-09-27',NULL),(1142,1,11,0,-19.44,'2022-01-12',NULL),(1143,1,5,1,17.62,'2022-09-23',NULL),(1144,1,1,1,19.78,'2022-02-21',NULL),(1145,1,1,0,-17.91,'2022-03-25',NULL),(1146,1,10,0,-19.54,'2022-07-23',NULL),(1147,1,4,1,17.22,'2022-10-07',NULL),(1148,1,3,0,-15.56,'2022-03-07',NULL),(1149,1,10,0,-15.79,'2022-09-11',NULL),(1150,1,8,1,11.47,'2022-08-13',NULL),(1151,1,3,0,-17.07,'2022-10-12',NULL),(1152,1,8,0,-19.79,'2022-09-21',NULL),(1153,1,8,0,-12.22,'2022-08-28',NULL),(1154,1,11,0,-18.62,'2022-02-25',NULL),(1155,1,4,1,14.22,'2022-08-15',NULL),(1156,1,6,0,-17.83,'2022-10-10',NULL),(1157,1,1,1,11.45,'2022-01-16',NULL),(1158,1,2,0,-15.24,'2022-04-14',NULL),(1159,1,1,1,13.65,'2022-04-12',NULL),(1160,1,1,1,19.17,'2022-11-03',NULL),(1161,1,5,0,-15.96,'2022-04-11',NULL),(1162,1,9,0,-13.04,'2022-03-18',NULL),(1163,1,2,0,-11.97,'2022-01-06',NULL),(1164,1,5,0,-19.42,'2022-05-19',NULL),(1165,1,3,0,-19.08,'2022-03-19',NULL),(1166,1,10,1,18.16,'2022-09-28',NULL),(1167,1,8,1,15.59,'2022-06-20',NULL),(1168,1,6,1,16.34,'2022-02-17',NULL),(1169,1,10,1,17.44,'2022-10-12',NULL),(1170,1,9,1,14.24,'2022-06-13',NULL),(1171,1,6,0,-12.08,'2022-03-15',NULL),(1172,1,7,1,15.66,'2022-06-07',NULL),(1173,1,3,1,13.77,'2022-07-19',NULL),(1174,1,4,0,-11.27,'2022-03-11',NULL),(1175,1,10,0,-14.69,'2022-10-14',NULL),(1176,1,5,0,-19.18,'2022-12-13',NULL),(1177,1,6,1,11.53,'2022-07-15',NULL),(1178,1,2,1,13.88,'2022-08-13',NULL),(1179,1,10,1,15.96,'2022-06-13',NULL),(1180,1,7,0,-20.34,'2022-11-09',NULL),(1181,1,5,1,19.36,'2022-02-07',NULL),(1182,1,4,1,18.97,'2022-08-08',NULL),(1183,1,1,0,-18.45,'2022-06-04',NULL),(1184,1,10,0,-10.15,'2022-09-09',NULL),(1185,1,3,1,20.15,'2022-05-04',NULL),(1186,1,4,0,-16.74,'2022-03-07',NULL),(1187,1,5,0,-16.74,'2022-05-01',NULL),(1188,1,5,1,18.59,'2022-09-15',NULL),(1189,1,10,1,18.57,'2022-02-04',NULL),(1190,1,6,1,13.08,'2022-09-17',NULL),(1191,1,11,0,-11.32,'2022-11-10',NULL),(1192,1,6,0,-19.86,'2022-08-23',NULL),(1193,1,4,1,10.87,'2022-07-08',NULL),(1194,1,9,0,-10.58,'2022-06-12',NULL),(1195,1,2,0,-12.51,'2022-08-10',NULL),(1196,1,2,0,-17.52,'2022-05-16',NULL),(1197,1,9,1,11.42,'2022-06-11',NULL),(1198,1,7,0,-18.88,'2022-05-27',NULL),(1199,1,6,1,18.83,'2022-07-25',NULL),(1200,1,4,0,-18.43,'2022-06-16',NULL),(1201,1,4,0,-20.76,'2022-08-16',NULL),(1202,1,2,1,19.85,'2022-08-15',NULL),(1203,1,3,0,-17.27,'2022-07-15',NULL),(1204,1,7,1,13.99,'2022-08-07',NULL),(1205,1,9,0,-17.46,'2022-04-19',NULL),(1206,1,9,0,-11.34,'2022-03-15',NULL),(1207,1,5,1,14.78,'2022-07-20',NULL),(1208,1,3,1,18.23,'2022-08-12',NULL),(1209,1,10,1,11.12,'2022-06-17',NULL),(1210,1,6,0,-15.38,'2022-07-11',NULL),(1211,1,10,0,-14.95,'2022-01-08',NULL),(1212,1,10,0,-19.71,'2022-03-12',NULL),(1213,1,7,0,-11.03,'2022-06-06',NULL),(1214,1,6,0,-16.83,'2022-05-10',NULL),(1215,1,4,1,13.08,'2022-08-02',NULL),(1216,1,3,1,13.57,'2022-06-20',NULL),(1217,1,1,1,13.83,'2022-05-19',NULL),(1218,1,2,0,-11.88,'2022-09-20',NULL),(1219,1,2,1,17.13,'2022-06-09',NULL),(1220,1,9,1,18.67,'2022-07-12',NULL),(1221,1,6,0,-16.84,'2022-07-17',NULL),(1222,1,10,0,-12.07,'2022-03-09',NULL),(1223,1,4,1,13.33,'2022-09-21',NULL),(1224,1,11,0,-10.39,'2022-10-08',NULL),(1225,1,7,1,20.28,'2022-07-27',NULL),(1226,1,10,1,13.87,'2022-05-19',NULL),(1227,1,10,0,-20.53,'2022-09-22',NULL),(1228,1,5,0,-12.27,'2022-05-24',NULL),(1229,1,8,0,-15.77,'2022-10-12',NULL),(1230,1,6,0,-13.18,'2022-09-17',NULL),(1231,1,8,1,19.76,'2022-02-03',NULL),(1232,1,8,1,15.28,'2022-11-26',NULL),(1233,1,5,0,-11.74,'2022-04-26',NULL),(1234,1,5,0,-16.25,'2022-07-05',NULL),(1235,1,8,0,-16.14,'2022-02-16',NULL),(1236,1,1,0,-19.94,'2022-05-09',NULL),(1237,1,4,1,11.56,'2022-02-28',NULL),(1238,1,4,1,16.43,'2022-12-23',NULL),(1239,1,3,0,-14.85,'2022-03-02',NULL),(1240,1,4,0,-12.26,'2022-05-13',NULL),(1241,1,4,0,-13.23,'2022-09-21',NULL),(1242,1,10,0,-10.67,'2022-04-03',NULL),(1243,1,3,1,14.36,'2022-05-15',NULL),(1244,1,11,1,12.67,'2022-07-19',NULL),(1245,1,4,1,12.71,'2022-09-19',NULL),(1246,1,8,1,12.46,'2022-08-23',NULL),(1247,1,2,1,14.17,'2022-10-08',NULL),(1248,1,2,0,-15.26,'2022-10-25',NULL),(1249,1,3,0,-13.73,'2022-02-07',NULL),(1250,1,3,0,-19.42,'2022-11-16',NULL),(1251,1,1,1,11.54,'2022-02-16',NULL),(1252,1,5,1,17.42,'2022-07-17',NULL),(1253,1,6,0,-15.85,'2022-08-01',NULL),(1254,1,5,1,18.16,'2022-07-26',NULL),(1255,1,7,1,20.05,'2022-02-02',NULL),(1256,1,10,1,20.58,'2022-09-17',NULL),(1257,1,8,0,-20.35,'2022-06-10',NULL),(1258,1,9,0,-14.86,'2022-11-24',NULL),(1259,1,5,1,16.47,'2022-02-22',NULL),(1260,1,2,0,-19.32,'2022-10-02',NULL),(1261,1,3,1,13.16,'2022-02-22',NULL),(1262,1,2,1,12.79,'2022-04-27',NULL),(1263,1,10,0,-16.13,'2022-07-19',NULL),(1264,1,11,1,11.87,'2022-09-07',NULL),(1265,1,4,0,-15.28,'2022-06-24',NULL),(1266,1,6,1,16.09,'2022-03-23',NULL),(1267,1,3,0,-18.22,'2022-09-05',NULL),(1268,1,7,0,-18.16,'2022-04-16',NULL),(1269,1,7,1,19.89,'2022-05-20',NULL),(1270,1,2,1,17.51,'2022-11-05',NULL),(1271,1,6,1,15.86,'2022-07-28',NULL),(1272,1,9,1,11.37,'2022-07-10',NULL),(1273,1,9,0,-17.25,'2022-02-12',NULL),(1274,1,7,0,-11.86,'2022-07-24',NULL),(1275,1,6,1,20.17,'2022-11-19',NULL),(1276,1,10,0,-15.09,'2022-02-03',NULL),(1277,1,4,0,-12.26,'2022-08-05',NULL),(1278,1,5,0,-11.43,'2022-08-18',NULL),(1279,1,2,0,-19.88,'2022-04-25',NULL),(1280,1,4,0,-16.73,'2022-04-17',NULL),(1281,1,10,0,-12.52,'2022-08-26',NULL),(1282,1,1,0,-15.81,'2022-11-24',NULL),(1283,1,10,0,-10.82,'2022-10-09',NULL),(1284,1,5,0,-10.29,'2022-03-04',NULL),(1285,1,5,0,-19.51,'2022-04-22',NULL),(1286,1,7,0,-14.37,'2022-03-13',NULL),(1287,1,9,1,18.77,'2022-05-27',NULL),(1288,1,5,0,-10.83,'2022-09-16',NULL),(1289,1,8,1,18.87,'2022-06-26',NULL),(1290,1,10,0,-15.96,'2022-11-16',NULL),(1291,1,8,0,-17.97,'2022-09-21',NULL),(1292,1,11,0,-17.35,'2022-03-12',NULL),(1293,1,1,0,-15.68,'2022-05-18',NULL),(1294,1,10,1,18.68,'2022-01-11',NULL),(1295,1,4,1,15.07,'2022-03-03',NULL),(1296,1,11,0,-16.71,'2022-04-09',NULL),(1297,1,2,0,-17.83,'2022-10-01',NULL),(1298,1,10,1,17.34,'2022-10-23',NULL),(1299,1,1,1,14.38,'2022-07-15',NULL),(1300,1,8,0,-13.58,'2022-09-14',NULL),(1301,1,4,1,19.81,'2022-02-14',NULL),(1302,1,6,1,14.28,'2022-11-25',NULL),(1303,1,4,0,-17.38,'2022-04-03',NULL),(1304,1,6,0,-12.02,'2022-11-07',NULL),(1305,1,5,1,20.65,'2022-02-12',NULL),(1306,1,8,0,-12.86,'2022-03-25',NULL),(1307,1,3,1,17.43,'2022-03-21',NULL),(1308,1,4,1,14.75,'2022-11-02',NULL),(1309,1,2,0,-12.16,'2022-11-19',NULL),(1310,1,5,0,-14.36,'2022-05-26',NULL),(1311,1,10,0,-14.42,'2022-09-05',NULL),(1312,1,6,0,-16.41,'2022-12-10',NULL),(1313,1,10,1,12.23,'2022-04-22',NULL),(1314,1,8,0,-11.34,'2022-03-14',NULL),(1315,1,1,1,13.72,'2022-10-14',NULL),(1316,1,10,1,16.47,'2022-08-09',NULL),(1317,1,4,0,-11.98,'2022-04-05',NULL),(1318,1,10,0,-14.72,'2022-11-21',NULL),(1319,1,2,0,-19.81,'2022-12-13',NULL),(1320,1,8,0,-11.24,'2022-10-24',NULL),(1321,1,3,1,20.81,'2022-11-13',NULL),(1322,1,7,0,-18.15,'2022-07-14',NULL),(1323,1,3,1,12.45,'2022-06-14',NULL),(1324,1,11,0,-16.98,'2022-09-20',NULL),(1325,1,10,0,-17.28,'2022-02-10',NULL),(1326,1,10,1,17.56,'2022-10-08',NULL),(1327,1,9,0,-17.36,'2022-09-07',NULL),(1328,1,6,0,-12.43,'2022-04-23',NULL),(1329,1,4,1,13.16,'2022-02-18',NULL),(1330,1,8,0,-16.67,'2022-11-05',NULL),(1331,1,2,0,-16.55,'2022-04-25',NULL),(1332,1,9,0,-15.94,'2022-11-02',NULL),(1333,1,10,1,12.75,'2022-08-14',NULL),(1334,1,3,0,-15.19,'2022-10-02',NULL),(1335,1,7,1,11.86,'2022-12-13',NULL),(1336,1,4,1,11.96,'2022-09-06',NULL),(1337,1,9,1,18.77,'2022-04-20',NULL),(1338,1,1,1,18.85,'2022-02-12',NULL),(1339,1,7,0,-20.54,'2022-08-21',NULL),(1340,1,8,0,-15.68,'2022-04-19',NULL),(1341,1,11,1,18.64,'2022-02-08',NULL),(1342,1,7,0,-14.02,'2022-08-23',NULL),(1343,1,4,1,16.06,'2022-07-19',NULL),(1344,1,10,0,-19.46,'2022-01-20',NULL),(1345,1,3,1,18.56,'2022-02-08',NULL),(1346,1,2,0,-18.45,'2022-05-19',NULL),(1347,1,8,0,-14.42,'2022-11-09',NULL),(1348,1,2,0,-15.45,'2022-05-26',NULL),(1349,1,4,1,17.13,'2022-02-08',NULL),(1350,1,4,1,14.63,'2022-11-02',NULL),(1351,1,5,1,12.86,'2022-08-20',NULL),(1352,1,2,0,-13.26,'2022-12-09',NULL),(1353,1,11,1,17.28,'2022-09-01',NULL),(1354,1,4,1,13.17,'2022-07-21',NULL),(1355,1,5,1,15.17,'2022-04-10',NULL),(1356,1,4,1,19.37,'2022-06-20',NULL),(1357,1,5,1,19.82,'2022-05-20',NULL),(1358,1,3,1,12.35,'2022-03-24',NULL),(1359,1,8,0,-12.46,'2022-06-18',NULL),(1360,1,11,1,15.82,'2022-05-09',NULL),(1361,1,6,0,-17.77,'2022-12-22',NULL),(1362,1,3,0,-19.43,'2022-04-09',NULL),(1363,1,6,1,12.82,'2022-05-06',NULL),(1364,1,10,1,16.47,'2022-12-02',NULL),(1365,1,2,1,11.17,'2022-11-08',NULL),(1366,1,8,0,-15.08,'2022-06-20',NULL),(1367,1,6,1,12.18,'2022-11-18',NULL),(1368,1,1,1,11.36,'2022-01-13',NULL),(1369,1,8,0,-16.82,'2022-07-27',NULL),(1370,1,4,1,16.37,'2022-07-14',NULL),(1371,1,10,1,16.12,'2022-02-27',NULL),(1372,1,9,1,16.36,'2022-10-02',NULL),(1373,1,7,1,17.44,'2022-07-10',NULL),(1374,1,4,0,-19.84,'2022-06-11',NULL),(1375,1,8,1,16.57,'2022-06-27',NULL),(1376,1,4,0,-18.87,'2022-05-21',NULL),(1377,1,4,1,15.95,'2022-07-21',NULL),(1378,1,5,0,-13.29,'2022-12-16',NULL),(1379,1,3,0,-12.23,'2022-03-19',NULL),(1380,1,6,0,-19.26,'2022-05-21',NULL),(1381,1,6,0,-16.41,'2022-12-22',NULL),(1382,1,11,0,-18.03,'2022-01-20',NULL),(1383,1,5,0,-16.66,'2022-08-04',NULL),(1384,1,5,1,11.36,'2022-04-20',NULL),(1385,1,9,0,-18.26,'2022-12-02',NULL),(1386,1,5,1,11.56,'2022-09-08',NULL),(1387,1,4,1,12.67,'2022-02-27',NULL),(1388,1,1,1,10.46,'2022-04-04',NULL),(1389,1,2,0,-19.55,'2022-07-12',NULL),(1390,1,6,0,-10.53,'2022-03-19',NULL),(1391,1,3,0,-16.13,'2022-08-03',NULL),(1392,1,5,0,-13.03,'2022-01-21',NULL),(1393,1,8,0,-12.73,'2022-10-21',NULL),(1394,1,8,0,-19.22,'2022-09-03',NULL),(1395,1,3,1,11.66,'2022-11-22',NULL),(1396,1,1,0,-20.32,'2022-03-07',NULL),(1397,1,7,0,-18.77,'2022-03-17',NULL),(1398,1,8,0,-14.46,'2022-03-14',NULL),(1399,1,11,0,-16.87,'2022-10-03',NULL),(1400,1,5,1,14.24,'2022-02-13',NULL),(1401,1,5,0,-15.53,'2022-08-27',NULL),(1402,1,10,0,-19.63,'2022-08-20',NULL),(1403,1,11,1,15.52,'2022-05-27',NULL),(1404,1,3,0,-15.48,'2022-05-10',NULL),(1405,1,2,1,15.45,'2022-07-20',NULL),(1406,1,6,0,-20.98,'2022-05-27',NULL),(1407,1,4,0,-10.12,'2022-02-27',NULL),(1408,1,2,1,12.66,'2022-03-18',NULL),(1409,1,3,0,-10.00,'2023-12-22','');
/*!40000 ALTER TABLE `bill` ENABLE KEYS */;
UNLOCK TABLES;

--
-- Table structure for table `budget`
--

DROP TABLE IF EXISTS `budget`;
/*!40101 SET @saved_cs_client     = @@character_set_client */;
/*!50503 SET character_set_client = utf8mb4 */;
CREATE TABLE `budget` (
  `id` int NOT NULL AUTO_INCREMENT COMMENT '主键',
  `user_id` int NOT NULL COMMENT '用户id',
  `year_and_month` varchar(20) DEFAULT NULL COMMENT '年份月份',
  `plan` decimal(10,2) DEFAULT NULL COMMENT '计划支出',
  PRIMARY KEY (`id`)
) ENGINE=InnoDB AUTO_INCREMENT=5 DEFAULT CHARSET=utf8mb4 COLLATE=utf8mb4_0900_ai_ci COMMENT='预算';
/*!40101 SET character_set_client = @saved_cs_client */;

--
-- Dumping data for table `budget`
--

LOCK TABLES `budget` WRITE;
/*!40000 ALTER TABLE `budget` DISABLE KEYS */;
INSERT INTO `budget` VALUES (1,1,'2023-12',1000.00),(4,1,'2023-02',1000.00);
/*!40000 ALTER TABLE `budget` ENABLE KEYS */;
UNLOCK TABLES;

--
-- Table structure for table `category`
--

DROP TABLE IF EXISTS `category`;
/*!40101 SET @saved_cs_client     = @@character_set_client */;
/*!50503 SET character_set_client = utf8mb4 */;
CREATE TABLE `category` (
  `id` int NOT NULL AUTO_INCREMENT COMMENT '主键',
  `name` varchar(20) NOT NULL COMMENT '分类名称',
  `icon` text COMMENT '分类图标',
  PRIMARY KEY (`id`)
) ENGINE=InnoDB AUTO_INCREMENT=17 DEFAULT CHARSET=utf8mb4 COLLATE=utf8mb4_0900_ai_ci COMMENT='分类';
/*!40101 SET character_set_client = @saved_cs_client */;

--
-- Dumping data for table `category`
--

LOCK TABLES `category` WRITE;
/*!40000 ALTER TABLE `category` DISABLE KEYS */;
INSERT INTO `category` VALUES (1,'餐饮','src/assets/icon/餐饮.png'),(2,'购物','src/assets/icon/购物.png'),(3,'日用','src/assets/icon/日用.png'),(4,'交通','src/assets/icon/交通.png'),(5,'社交','src/assets/icon/社交.png'),(6,'娱乐','src/assets/icon/娱乐.png'),(7,'学习','src/assets/icon/学习.png'),(8,'运动','src/assets/icon/运动.png'),(9,'医疗','src/assets/icon/医疗.png'),(10,'旅行','src/assets/icon/旅行.png'),(11,'其他','src/assets/icon/其他.png'),(12,'工资','src/assets/icon/工资.png'),(13,'兼职','src/assets/icon/兼职.png'),(14,'理财','src/assets/icon/理财.png'),(15,'礼金','src/assets/icon/礼金.png'),(16,'其他','src/assets/icon/其他.png');
/*!40000 ALTER TABLE `category` ENABLE KEYS */;
UNLOCK TABLES;

--
-- Table structure for table `feedback`
--

DROP TABLE IF EXISTS `feedback`;
/*!40101 SET @saved_cs_client     = @@character_set_client */;
/*!50503 SET character_set_client = utf8mb4 */;
CREATE TABLE `feedback` (
  `id` int NOT NULL AUTO_INCREMENT COMMENT '主键',
  `user_id` int DEFAULT NULL COMMENT '用户id',
  `create_time` datetime DEFAULT NULL COMMENT '创建时间',
  `content` text COMMENT '内容',
  PRIMARY KEY (`id`),
  KEY `feedback_user_id_fk` (`user_id`),
  CONSTRAINT `feedback_user_id_fk` FOREIGN KEY (`user_id`) REFERENCES `user` (`id`)
) ENGINE=InnoDB AUTO_INCREMENT=28 DEFAULT CHARSET=utf8mb4 COLLATE=utf8mb4_0900_ai_ci COMMENT='反馈';
/*!40101 SET character_set_client = @saved_cs_client */;

--
-- Dumping data for table `feedback`
--

LOCK TABLES `feedback` WRITE;
/*!40000 ALTER TABLE `feedback` DISABLE KEYS */;
INSERT INTO `feedback` VALUES (8,1,'2023-12-20 20:02:04','null'),(10,1,'2023-12-20 20:05:17','null'),(11,1,'2023-12-20 20:05:19','null'),(12,1,'2023-12-20 20:06:32','null'),(13,1,'2023-12-20 20:06:35','null'),(14,1,'2023-12-20 20:06:39','null'),(15,1,'2023-12-20 20:08:01','插入一条反馈'),(16,1,'2023-12-20 20:08:50','创建反馈了'),(21,1,'2023-12-22 09:34:14','123456'),(23,1,'2023-12-25 21:02:37','希望能自定义主题颜色');
/*!40000 ALTER TABLE `feedback` ENABLE KEYS */;
UNLOCK TABLES;

--
-- Table structure for table `user`
--

DROP TABLE IF EXISTS `user`;
/*!40101 SET @saved_cs_client     = @@character_set_client */;
/*!50503 SET character_set_client = utf8mb4 */;
CREATE TABLE `user` (
  `id` int NOT NULL AUTO_INCREMENT COMMENT '主键',
  `phone` varchar(11) NOT NULL COMMENT '手机号码',
  `password` varchar(20) NOT NULL COMMENT '密码',
  `username` varchar(20) DEFAULT NULL COMMENT '用户昵称',
  `avatar` text COMMENT '头像',
  `sex` varchar(10) DEFAULT NULL COMMENT '性别',
  `wechat` varchar(20) DEFAULT NULL COMMENT '微信号',
  `email` varchar(20) DEFAULT NULL COMMENT '邮箱',
  PRIMARY KEY (`id`)
) ENGINE=InnoDB AUTO_INCREMENT=3 DEFAULT CHARSET=utf8mb4 COLLATE=utf8mb4_0900_ai_ci COMMENT='用户';
/*!40101 SET character_set_client = @saved_cs_client */;

--
-- Dumping data for table `user`
--

LOCK TABLES `user` WRITE;
/*!40000 ALTER TABLE `user` DISABLE KEYS */;
INSERT INTO `user` VALUES (1,'123','123','测试程序猿','src/assets/avatar/1.png','男','ceshizhe','xiaowang@email.com'),(2,'456','456',NULL,NULL,NULL,NULL,NULL);
/*!40000 ALTER TABLE `user` ENABLE KEYS */;
UNLOCK TABLES;
/*!40103 SET TIME_ZONE=@OLD_TIME_ZONE */;

/*!40101 SET SQL_MODE=@OLD_SQL_MODE */;
/*!40014 SET FOREIGN_KEY_CHECKS=@OLD_FOREIGN_KEY_CHECKS */;
/*!40014 SET UNIQUE_CHECKS=@OLD_UNIQUE_CHECKS */;
/*!40101 SET CHARACTER_SET_CLIENT=@OLD_CHARACTER_SET_CLIENT */;
/*!40101 SET CHARACTER_SET_RESULTS=@OLD_CHARACTER_SET_RESULTS */;
/*!40101 SET COLLATION_CONNECTION=@OLD_COLLATION_CONNECTION */;
/*!40111 SET SQL_NOTES=@OLD_SQL_NOTES */;

-- Dump completed on 2023-12-25 23:46:42
